{
  "model_file": "models\\congestion_predictor.pkl",
  "training_rows": 20063,
  "features": [
    "vehicle_count",
    "vc_lag1",
    "vc_lag2",
    "vc_diff",
    "vc_roll3",
    "vc_roll5",
    "avg_speed",
    "speed_lag1",
    "speed_lag2",
    "speed_diff",
    "speed_roll3",
    "speed_roll5",
    "vc_ratio",
    "speed_ratio",
    "length",
    "highway_code",
    "weighted_vehicle_load",
    "load_index",
    "rush_ratio",
    "speed_var",
    "weighted_speed",
    "vc_x_speed",
    "congestion_proxy"
  ],
  "mae": 0.34303141161780887,
  "r2": 0.026048125449447124,
  "median_edge_r2": 0.0,
  "top_features": {
    "rush_ratio": 0.06972870975732803,
    "vc_roll5": 0.05757465958595276,
    "weighted_speed": 0.05698918551206589,
    "speed_roll3": 0.0529581643640995,
    "vc_roll3": 0.05214430019259453,
    "speed_roll5": 0.05152770131826401,
    "congestion_proxy": 0.050703782588243484,
    "vc_lag2": 0.050132617354393005,
    "avg_speed": 0.04994223639369011,
    "vc_x_speed": 0.047811832278966904,
    "speed_lag1": 0.04728536680340767,
    "load_index": 0.04669272527098656,
    "vc_diff": 0.04651535302400589,
    "speed_diff": 0.046204037964344025,
    "speed_lag2": 0.0455760732293129,
    "speed_ratio": 0.04486391693353653,
    "vehicle_count": 0.040013715624809265,
    "vc_ratio": 0.0382625013589859,
    "weighted_vehicle_load": 0.03692728653550148,
    "speed_var": 0.03603264316916466,
    "vc_lag1": 0.03211314603686333,
    "length": 0.0,
    "highway_code": 0.0
  },
  "target_mode": "per_edge_norm"
}